ID,类型,类型枚举,子类型,装备部位,名称(简中),名称(繁中),名称(英文),名称(日文),名称(韩文),描述(简中),描述(繁中),描述(英文),简短描述(简中),买价,卖价,积分价,堆叠上限,职业限制,物品标记,技能ID,图标,排序分类,掉落率,Group,NameId,ItemTipId,属性:Str,属性:Dex,属性:Mind,属性:Con,属性:MaxHp,属性:MaxMp,属性:Defense,属性:Stamina,属性:Speed,属性:Move,属性:PhysicalAttack,属性:MagicAttack,属性:FireRes,属性:WaterRes,属性:AirRes,属性:EarthRes,属性:MindRes,属性:IgnoreResist,属性:PhysicalHitRatio,属性:MagicHitRatio,属性:AttackRange,属性:StaminaRatio,属性:MpCostRatio,属性:DodgeRatio,属性:AttackBackRatio,属性:CriticalRatio,属性:StealRatio,属性:ExpRatio,属性:GoldRatio,属性:PhysicalDR,属性:FireDR,属性:WaterDR,属性:AirDR,属性:EarthDR,属性:MindDR,属性:PhysicalRatio,属性:DefenseRatio,属性:AtkDamageRatio,属性:DefDamageRatio,属性:MaxHPRatio,属性:MaxMPRatio
212,道具,Item,Item,Head,回复药,回復藥,Recovery Potion,回復薬,회복약,生命+40#淡淡的香甜味，令人想起小时候的午后，令人忍不住一杯接一杯。,生命+40#淡淡的香甜味，令人想起小時候的午後，令人忍不住一杯接一杯。,"Restores 40 HP#A light, sweet taste that brings back memories of childhood afternoons—hard to stop at just one.",生命+40#淡淡的香甜味，令人想起小时候的午后，令人忍不住一杯接一杯。,100,50,0,999,SwordMan|SwordMaster|SwordKing|BowMan|BowMaster|Priest|PriestMaster|PriestPrincess|Thief|Assassin|Magician|ElfMan|WingWarrior|WindWarrior|BeastWarrior|CrazyWarrior|MutantMonster|EvilMonster|MagicSwordMan|DarkSwordMan|BowKing|ImperialAssassin|ElfQueen|HolyWingAvatar|BeastSoulOverlord|MutantMonster|EvilMonster|DarkBladePrincess,UseInBattle,3001,"item_5,item_icon_200",1,0,0,577,12211,0,0,0,0,0,0,0,0,0,0,0,0,0,0,0,0,0,0,0,0,0,0,0,0,0,0,0,0,0,0,0,0,0,0,0,0,0,0,0,0,0
213,道具,Item,Item,Head,秘药,秘藥,Elixir,秘薬,비약,生命+100#浓郁的香甜味让人上瘾，但请记住适量饮用,生命+100#濃郁的香甜味讓人上癮，但請記住適量飲用,"Restores 100 HP#Its rich sweetness is addictive, but remember to enjoy it in moderation.",生命+100#浓郁的香甜味让人上瘾，但请记住适量饮用,200,100,0,999,SwordMan|SwordMaster|SwordKing|BowMan|BowMaster|Priest|PriestMaster|PriestPrincess|Thief|Assassin|Magician|ElfMan|WingWarrior|WindWarrior|BeastWarrior|CrazyWarrior|MutantMonster|EvilMonster|MagicSwordMan|DarkSwordMan|BowKing|ImperialAssassin|ElfQueen|HolyWingAvatar|BeastSoulOverlord|MutantMonster|EvilMonster|DarkBladePrincess,UseInBattle,3002,"item_5,item_icon_201",1,0,0,578,12212,0,0,0,0,0,0,0,0,0,0,0,0,0,0,0,0,0,0,0,0,0,0,0,0,0,0,0,0,0,0,0,0,0,0,0,0,0,0,0,0,0
214,道具,Item,Item,Head,灵药,靈藥,Spirit Elixir,霊薬,영약,生命+300#传说中的至甜之味，喝完后不只想起小时候，还会想起你妈小时候的事。,生命+300#傳說中的至甜之味，喝完後不只想起小時候，還會想起你媽小時候的事。,"Restores 300 HP#A legendary sweetness—after drinking it, you won't just remember your own childhood, but your mother's too.",生命+300#传说中的至甜之味，喝完后不只想起小时候，还会想起你妈小时候的事。,400,200,0,999,SwordMan|SwordMaster|SwordKing|BowMan|BowMaster|Priest|PriestMaster|PriestPrincess|Thief|Assassin|Magician|ElfMan|WingWarrior|WindWarrior|BeastWarrior|CrazyWarrior|MutantMonster|EvilMonster|MagicSwordMan|DarkSwordMan|BowKing|ImperialAssassin|ElfQueen|HolyWingAvatar|BeastSoulOverlord|MutantMonster|EvilMonster|DarkBladePrincess,UseInBattle,3003,"item_5,item_icon_202",1,0,0,579,12213,0,0,0,0,0,0,0,0,0,0,0,0,0,0,0,0,0,0,0,0,0,0,0,0,0,0,0,0,0,0,0,0,0,0,0,0,0,0,0,0,0
215,道具,Item,Item,Head,妖精之泉,妖精之泉,Elven Spring,妖精の泉,요정의 샘,魔力+30#似乎是妖精乡的泉水，但也有可能是你家的地下水。,魔力+30#似乎是妖精鄉的泉水，但也有可能是你家的地下水。,Restores 30 MP#Said to be spring water from the land of the elves... or maybe just your local groundwater.,魔力+30#似乎是妖精乡的泉水，但也有可能是你家的地下水。,160,80,0,999,SwordMan|SwordMaster|SwordKing|BowMan|BowMaster|Priest|PriestMaster|PriestPrincess|Thief|Assassin|Magician|ElfMan|WingWarrior|WindWarrior|BeastWarrior|CrazyWarrior|MutantMonster|EvilMonster|MagicSwordMan|DarkSwordMan|BowKing|ImperialAssassin|ElfQueen|HolyWingAvatar|BeastSoulOverlord|MutantMonster|EvilMonster|DarkBladePrincess,UseInBattle,3004,"item_5,item_icon_203",2,0,0,580,12214,0,0,0,0,0,0,0,0,0,0,0,0,0,0,0,0,0,0,0,0,0,0,0,0,0,0,0,0,0,0,0,0,0,0,0,0,0,0,0,0,0
216,道具,Item,Item,Head,天使之露,天使之露,Angel's Dew,天使の雫,천사의 이슬,魔力+80#传说中天界的神圣甘露。,魔力+80#傳說中天界的神聖甘露。,Restores 80 MP#A sacred nectar said to come from the heavens.,魔力+80#传说中天界的神圣甘露。,360,180,0,999,SwordMan|SwordMaster|SwordKing|BowMan|BowMaster|Priest|PriestMaster|PriestPrincess|Thief|Assassin|Magician|ElfMan|WingWarrior|WindWarrior|BeastWarrior|CrazyWarrior|MutantMonster|EvilMonster|MagicSwordMan|DarkSwordMan|BowKing|ImperialAssassin|ElfQueen|HolyWingAvatar|BeastSoulOverlord|MutantMonster|EvilMonster|DarkBladePrincess,UseInBattle,3005,"item_5,item_icon_204",2,0,0,581,12215,0,0,0,0,0,0,0,0,0,0,0,0,0,0,0,0,0,0,0,0,0,0,0,0,0,0,0,0,0,0,0,0,0,0,0,0,0,0,0,0,0
217,道具,Item,Item,Head,解毒草,解毒草,Antidote Herb,解毒草,해독초,解除中毒#一株颜色深绿的药草，一般人应该不会想吃。,解除中毒#一株顏色深綠的藥草，一般人應該不會想吃。,Cures Poison#A dark green herb that most people probably wouldn't want to eat.,解除中毒#一株颜色深绿的药草，一般人应该不会想吃。,80,40,0,999,SwordMan|SwordMaster|SwordKing|BowMan|BowMaster|Priest|PriestMaster|PriestPrincess|Thief|Assassin|Magician|ElfMan|WingWarrior|WindWarrior|BeastWarrior|CrazyWarrior|MutantMonster|EvilMonster|MagicSwordMan|DarkSwordMan|BowKing|ImperialAssassin|ElfQueen|HolyWingAvatar|BeastSoulOverlord|MutantMonster|EvilMonster|DarkBladePrincess,UseInBattle,3006,"item_5,item_icon_205",6,0,0,582,12216,0,0,0,0,0,0,0,0,0,0,0,0,0,0,0,0,0,0,0,0,0,0,0,0,0,0,0,0,0,0,0,0,0,0,0,0,0,0,0,0,0
218,道具,Item,Item,Head,破魔咒,破魔咒,Dispel Charm,破魔の呪文,구마 부적,解除封魔#古老的解咒法术，请小心是否会同时解开你的鞋带和皮带。,解除封魔#古老的解咒法術，請小心是否會同時解開你的鞋帶和皮帶。,"Cures Silence#An ancient dispelling spell—be careful, it might undo your shoelaces and belt too.",解除封魔#古老的解咒法术，请小心是否会同时解开你的鞋带和皮带。,300,150,0,999,SwordMan|SwordMaster|SwordKing|BowMan|BowMaster|Priest|PriestMaster|PriestPrincess|Thief|Assassin|Magician|ElfMan|WingWarrior|WindWarrior|BeastWarrior|CrazyWarrior|MutantMonster|EvilMonster|MagicSwordMan|DarkSwordMan|BowKing|ImperialAssassin|ElfQueen|HolyWingAvatar|BeastSoulOverlord|MutantMonster|EvilMonster|DarkBladePrincess,UseInBattle,3007,"item_5,item_icon_206",6,0,0,583,12217,0,0,0,0,0,0,0,0,0,0,0,0,0,0,0,0,0,0,0,0,0,0,0,0,0,0,0,0,0,0,0,0,0,0,0,0,0,0,0,0,0
219,道具,Item,Item,Head,精灵石,精靈石,Fae Stone,精霊石,정령석,解除麻痹#蕴含精灵力量的神奇宝石，但对久坐打电动造成的腿麻完全没效。,解除麻痺#蘊含精靈力量的神奇寶石，但對久坐打電動造成的腿麻完全沒效。,"Cures Paralysis#A mystical gem imbued with fae power, but completely useless for numb legs from sitting too long.",解除麻痹#蕴含精灵力量的神奇宝石，但对久坐打电动造成的腿麻完全没效。,300,150,0,999,SwordMan|SwordMaster|SwordKing|BowMan|BowMaster|Priest|PriestMaster|PriestPrincess|Thief|Assassin|Magician|ElfMan|WingWarrior|WindWarrior|BeastWarrior|CrazyWarrior|MutantMonster|EvilMonster|MagicSwordMan|DarkSwordMan|BowKing|ImperialAssassin|ElfQueen|HolyWingAvatar|BeastSoulOverlord|MutantMonster|EvilMonster|DarkBladePrincess,UseInBattle,3008,"item_5,item_icon_207",6,0,0,584,12218,0,0,0,0,0,0,0,0,0,0,0,0,0,0,0,0,0,0,0,0,0,0,0,0,0,0,0,0,0,0,0,0,0,0,0,0,0,0,0,0,0
220,道具,Item,Item,Head,振奋剂,振奮劑,Stimulant,興奮剤,흥분제,解除衰弱#味道像极了小时候喝的感冒糖浆。,解除衰弱#味道像極了小時候喝的感冒糖漿。,Cures Weakness#Tastes just like the cough syrup you had as a kid.,解除衰弱#味道像极了小时候喝的感冒糖浆。,300,150,0,999,SwordMan|SwordMaster|SwordKing|BowMan|BowMaster|Priest|PriestMaster|PriestPrincess|Thief|Assassin|Magician|ElfMan|WingWarrior|WindWarrior|BeastWarrior|CrazyWarrior|MutantMonster|EvilMonster|MagicSwordMan|DarkSwordMan|BowKing|ImperialAssassin|ElfQueen|HolyWingAvatar|BeastSoulOverlord|MutantMonster|EvilMonster|DarkBladePrincess,UseInBattle,3009,"item_5,item_icon_208",6,0,0,585,12219,0,0,0,0,0,0,0,0,0,0,0,0,0,0,0,0,0,0,0,0,0,0,0,0,0,0,0,0,0,0,0,0,0,0,0,0,0,0,0,0,0
221,道具,Item,Item,Head,神威之酒,神威之酒,Divine Wine,神威の酒,신위의 술,气力增加一格#请记住喝酒不骑马，骑马不喝酒。,氣力增加一格#請記住喝酒不騎馬，騎馬不喝酒。,"SP+1#Remember: don't ride after drinking, and don't drink while riding.",气力增加一格#请记住喝酒不骑马，骑马不喝酒。,250,125,0,999,SwordMan|SwordMaster|SwordKing|BowMan|BowMaster|Priest|PriestMaster|PriestPrincess|Thief|Assassin|Magician|ElfMan|WingWarrior|WindWarrior|BeastWarrior|CrazyWarrior|MutantMonster|EvilMonster|MagicSwordMan|DarkSwordMan|BowKing|ImperialAssassin|ElfQueen|HolyWingAvatar|BeastSoulOverlord|MutantMonster|EvilMonster|DarkBladePrincess,UseInBattle,3010,"item_5,item_icon_209",3,0,0,586,12221,0,0,0,0,0,0,0,0,0,0,0,0,0,0,0,0,0,0,0,0,0,0,0,0,0,0,0,0,0,0,0,0,0,0,0,0,0,0,0,0,0
222,道具,Item,Item,Head,圣洁香水,聖潔香水,Holy Perfume,聖なる香水,성결의 향수,解除所有异常状态#能让你回到最佳状态，但无法回到18岁。,解除所有異常狀態#能讓你回到最佳狀態，但無法回到18歲。,"Cures All Status Ailments#Restores you to peak condition, but won't take you back to age 18.",解除所有异常状态#能让你回到最佳状态，但无法回到18岁。,600,300,0,999,SwordMan|SwordMaster|SwordKing|BowMan|BowMaster|Priest|PriestMaster|PriestPrincess|Thief|Assassin|Magician|ElfMan|WingWarrior|WindWarrior|BeastWarrior|CrazyWarrior|MutantMonster|EvilMonster|MagicSwordMan|DarkSwordMan|BowKing|ImperialAssassin|ElfQueen|HolyWingAvatar|BeastSoulOverlord|MutantMonster|EvilMonster|DarkBladePrincess,UseInBattle,3011,"item_5,item_icon_210",6,0,0,587,12220,0,0,0,0,0,0,0,0,0,0,0,0,0,0,0,0,0,0,0,0,0,0,0,0,0,0,0,0,0,0,0,0,0,0,0,0,0,0,0,0,0
223,道具,Item,Item,Head,世界树之叶,世界樹之葉,World Tree Leaf,世界樹の葉,세계수의 잎사귀,生命+9999、魔法+9999、回复人物异常状态#传说中的万灵药，什么都能治，就是容易被风吹走要小心保存。,生命+9999、魔法+9999、回復人物異常狀態#傳說中的萬靈藥，什麼都能治，就是容易被風吹走要小心保存。,"Restores 9999 HP and 9999 MP, cures Status Ailments#A legendary panacea that cures everything—just be careful, it can easily be blown away by the wind.",生命+9999、魔法+9999、回复人物异常状态#传说中的万灵药，什么都能治，就是容易被风吹走要小心保存。,2000,1000,0,999,SwordMan|SwordMaster|SwordKing|BowMan|BowMaster|Priest|PriestMaster|PriestPrincess|Thief|Assassin|Magician|ElfMan|WingWarrior|WindWarrior|BeastWarrior|CrazyWarrior|MutantMonster|EvilMonster|MagicSwordMan|DarkSwordMan|BowKing|ImperialAssassin|ElfQueen|HolyWingAvatar|BeastSoulOverlord|MutantMonster|EvilMonster|DarkBladePrincess,UseInBattle,3012,"item_5,item_icon_211",1,0,0,588,12222,0,0,0,0,0,0,0,0,0,0,0,0,0,0,0,0,0,0,0,0,0,0,0,0,0,0,0,0,0,0,0,0,0,0,0,0,0,0,0,0,0
224,道具,Item,Item,Head,力之源,力之源,Strength Source,腕力の源,힘의 근원,攻击力+1~5#效果随机，有时候+1有时候+5全看心情。,攻擊力+1~5#效果隨機，有時候+1有時候+5全看心情。,"ATK+1~5#Random effect—sometimes +1, sometimes +5, depending on its mood.",攻击力+1~5#效果随机，有时候+1有时候+5全看心情。,3000,1500,0,999,SwordMan|SwordMaster|SwordKing|BowMan|BowMaster|Priest|PriestMaster|PriestPrincess|Thief|Assassin|Magician|ElfMan|WingWarrior|WindWarrior|BeastWarrior|CrazyWarrior|MutantMonster|EvilMonster|MagicSwordMan|DarkSwordMan|BowKing|ImperialAssassin|ElfQueen|HolyWingAvatar|BeastSoulOverlord|MutantMonster|EvilMonster|DarkBladePrincess,BuffItem,3015,"item_5,item_icon_212",4,0,0,589,12223,0,0,0,0,0,0,0,0,0,0,1,0,0,0,0,0,0,0,0,0,0,0,0,0,0,0,0,0,0,0,0,0,0,0,0,0,0,0,0,0,0
225,道具,Item,Item,Head,御之源,禦之源,Defense Source,防御の源,방어의 근원,防御力+1~5#效果随机，有时候+1有时候+5全看心情。,防禦力+1~5#效果隨機，有時候+1有時候+5全看心情。,"DEF+1~5#Random effect—sometimes +1, sometimes +5, depending on its mood.",防御力+1~5#效果随机，有时候+1有时候+5全看心情。,3000,1500,0,999,SwordMan|SwordMaster|SwordKing|BowMan|BowMaster|Priest|PriestMaster|PriestPrincess|Thief|Assassin|Magician|ElfMan|WingWarrior|WindWarrior|BeastWarrior|CrazyWarrior|MutantMonster|EvilMonster|MagicSwordMan|DarkSwordMan|BowKing|ImperialAssassin|ElfQueen|HolyWingAvatar|BeastSoulOverlord|MutantMonster|EvilMonster|DarkBladePrincess,BuffItem,3016,"item_5,item_icon_213",4,0,0,590,12224,0,0,0,0,0,0,1,0,0,0,0,0,0,0,0,0,0,0,0,0,0,0,0,0,0,0,0,0,0,0,0,0,0,0,0,0,0,0,0,0,0
226,道具,Item,Item,Head,魔之源,魔之源,Magic Source,マジックの源,마법의 근원,魔击力+1~5#效果随机，有时候+1有时候+5全看心情。,魔擊力+1~5#效果隨機，有時候+1有時候+5全看心情。,"MATK+1~5#Random effect—sometimes +1, sometimes +5, depending on its mood.",魔击力+1~5#效果随机，有时候+1有时候+5全看心情。,3000,1500,0,999,SwordMan|SwordMaster|SwordKing|BowMan|BowMaster|Priest|PriestMaster|PriestPrincess|Thief|Assassin|Magician|ElfMan|WingWarrior|WindWarrior|BeastWarrior|CrazyWarrior|MutantMonster|EvilMonster|MagicSwordMan|DarkSwordMan|BowKing|ImperialAssassin|ElfQueen|HolyWingAvatar|BeastSoulOverlord|MutantMonster|EvilMonster|DarkBladePrincess,BuffItem,3017,"item_5,item_icon_214",4,0,0,591,12225,0,0,0,0,0,0,0,0,0,0,0,1,0,0,0,0,0,0,0,0,0,0,0,0,0,0,0,0,0,0,0,0,0,0,0,0,0,0,0,0,0
227,道具,Item,Item,Head,速之源,速之源,Speed Source,速さの源,속도의 근원,敏捷度+1~5#效果随机，有时候+1有时候+5全看心情。,敏捷度+1~5#效果隨機，有時候+1有時候+5全看心情。,"SPEED+1~5#Random effect—sometimes +1, sometimes +5, depending on its mood.",敏捷度+1~5#效果随机，有时候+1有时候+5全看心情。,3000,1500,0,999,SwordMan|SwordMaster|SwordKing|BowMan|BowMaster|Priest|PriestMaster|PriestPrincess|Thief|Assassin|Magician|ElfMan|WingWarrior|WindWarrior|BeastWarrior|CrazyWarrior|MutantMonster|EvilMonster|MagicSwordMan|DarkSwordMan|BowKing|ImperialAssassin|ElfQueen|HolyWingAvatar|BeastSoulOverlord|MutantMonster|EvilMonster|DarkBladePrincess,BuffItem,3018,"item_5,item_icon_215",4,0,0,592,12226,0,0,0,0,0,0,0,0,1,0,0,0,0,0,0,0,0,0,0,0,0,0,0,0,0,0,0,0,0,0,0,0,0,0,0,0,0,0,0,0,0
228,道具,Item,Item,Head,土之源,土之源,Earth Source,土の源,대지의 근원,抗土+1#大自然的恩赐，提升元素抗性。,抗土+1#大自然的恩賜，提升元素抗性。,Earth RES+1#A gift of nature that increases elemental resistance.,抗土+1#大自然的恩赐，提升元素抗性。,3000,1500,0,999,SwordMan|SwordMaster|SwordKing|BowMan|BowMaster|Priest|PriestMaster|PriestPrincess|Thief|Assassin|Magician|ElfMan|WingWarrior|WindWarrior|BeastWarrior|CrazyWarrior|MutantMonster|EvilMonster|MagicSwordMan|DarkSwordMan|BowKing|ImperialAssassin|ElfQueen|HolyWingAvatar|BeastSoulOverlord|MutantMonster|EvilMonster|DarkBladePrincess,BuffItem,3019,"item_5,item_icon_216",4,0,0,593,12227,0,0,0,0,0,0,0,0,0,0,0,0,0,0,0,1,0,0,0,0,0,0,0,0,0,0,0,0,0,0,0,0,0,0,0,0,0,0,0,0,0
229,道具,Item,Item,Head,火之源,火之源,Fire Source,火の源,불의 근원,抗火+1#大自然的恩赐，提升元素抗性。,抗火+1#大自然的恩賜，提升元素抗性。,Fire RES+1#A gift of nature that increases elemental resistance.,抗火+1#大自然的恩赐，提升元素抗性。,3000,1500,0,999,SwordMan|SwordMaster|SwordKing|BowMan|BowMaster|Priest|PriestMaster|PriestPrincess|Thief|Assassin|Magician|ElfMan|WingWarrior|WindWarrior|BeastWarrior|CrazyWarrior|MutantMonster|EvilMonster|MagicSwordMan|DarkSwordMan|BowKing|ImperialAssassin|ElfQueen|HolyWingAvatar|BeastSoulOverlord|MutantMonster|EvilMonster|DarkBladePrincess,BuffItem,3020,"item_5,item_icon_217",4,0,0,594,12228,0,0,0,0,0,0,0,0,0,0,0,0,1,0,0,0,0,0,0,0,0,0,0,0,0,0,0,0,0,0,0,0,0,0,0,0,0,0,0,0,0
230,道具,Item,Item,Head,水之源,水之源,Water Source,水の源,물의 근원,抗水+1#大自然的恩赐，提升元素抗性。,抗水+1#大自然的恩賜，提升元素抗性。,Water RES+1#A gift of nature that increases elemental resistance.,抗水+1#大自然的恩赐，提升元素抗性。,3000,1500,0,999,SwordMan|SwordMaster|SwordKing|BowMan|BowMaster|Priest|PriestMaster|PriestPrincess|Thief|Assassin|Magician|ElfMan|WingWarrior|WindWarrior|BeastWarrior|CrazyWarrior|MutantMonster|EvilMonster|MagicSwordMan|DarkSwordMan|BowKing|ImperialAssassin|ElfQueen|HolyWingAvatar|BeastSoulOverlord|MutantMonster|EvilMonster|DarkBladePrincess,BuffItem,3021,"item_5,item_icon_218",4,0,0,595,12229,0,0,0,0,0,0,0,0,0,0,0,0,0,1,0,0,0,0,0,0,0,0,0,0,0,0,0,0,0,0,0,0,0,0,0,0,0,0,0,0,0
231,道具,Item,Item,Head,风之源,風之源,Wind Source,風の源,바람의 근원,抗风+1#大自然的恩赐，提升元素抗性。,抗風+1#大自然的恩賜，提升元素抗性。,Wind RES+1#A gift of nature that increases elemental resistance.,抗风+1#大自然的恩赐，提升元素抗性。,3000,1500,0,999,SwordMan|SwordMaster|SwordKing|BowMan|BowMaster|Priest|PriestMaster|PriestPrincess|Thief|Assassin|Magician|ElfMan|WingWarrior|WindWarrior|BeastWarrior|CrazyWarrior|MutantMonster|EvilMonster|MagicSwordMan|DarkSwordMan|BowKing|ImperialAssassin|ElfQueen|HolyWingAvatar|BeastSoulOverlord|MutantMonster|EvilMonster|DarkBladePrincess,BuffItem,3022,"item_5,item_icon_219",4,0,0,596,12230,0,0,0,0,0,0,0,0,0,0,0,0,0,0,1,0,0,0,0,0,0,0,0,0,0,0,0,0,0,0,0,0,0,0,0,0,0,0,0,0,0
232,道具,Item,Item,Head,灵之源,靈之源,Mind Source,精神の源,영혼의 근원,抗心灵+1#大自然的恩赐，提升元素抗性。,抗心靈+1#大自然的恩賜，提升元素抗性。,Mind RES+1#A gift of nature that increases elemental resistance.,抗心灵+1#大自然的恩赐，提升元素抗性。,3000,1500,0,999,SwordMan|SwordMaster|SwordKing|BowMan|BowMaster|Priest|PriestMaster|PriestPrincess|Thief|Assassin|Magician|ElfMan|WingWarrior|WindWarrior|BeastWarrior|CrazyWarrior|MutantMonster|EvilMonster|MagicSwordMan|DarkSwordMan|BowKing|ImperialAssassin|ElfQueen|HolyWingAvatar|BeastSoulOverlord|MutantMonster|EvilMonster|DarkBladePrincess,BuffItem,3023,"item_5,item_icon_220",4,0,0,597,12231,0,0,0,0,0,0,0,0,0,0,0,0,0,0,0,0,1,0,0,0,0,0,0,0,0,0,0,0,0,0,0,0,0,0,0,0,0,0,0,0,0
233,道具,Item,Item,Head,会心之素,會心之素,Keen Essence,会心の素,회심의 정수,战斗时攻击力随机提升5~10，持续3回合#喝下后瞬间变强，但持续时间就像热恋期一样短暂。,戰鬥時攻擊力隨機提升5~10，持續3回合#喝下後瞬間變強，但持續時間就像熱戀期一樣短暫。,"Randomly grants ATK+5~10 for 3 turns#An instant boost, but it fades as quickly as a honeymoon phase.",战斗时攻击力随机提升5~10，持续3回合#喝下后瞬间变强，但持续时间就像热恋期一样短暂。,200,100,0,999,SwordMan|SwordMaster|SwordKing|BowMan|BowMaster|Priest|PriestMaster|PriestPrincess|Thief|Assassin|Magician|ElfMan|WingWarrior|WindWarrior|BeastWarrior|CrazyWarrior|MutantMonster|EvilMonster|MagicSwordMan|DarkSwordMan|BowKing|ImperialAssassin|ElfQueen|HolyWingAvatar|BeastSoulOverlord|MutantMonster|EvilMonster|DarkBladePrincess,UseInBattle,3013,"item_5,item_icon_221",5,0,0,598,12232,0,0,0,0,0,0,0,0,0,0,0,0,0,0,0,0,0,0,0,0,0,0,0,0,0,0,0,0,0,0,0,0,0,0,0,0,0,0,0,0,0
234,道具,Item,Item,Head,铁壁之素,鐵壁之素,Bulwark Essence,鉄壁の素,철벽의 정수,战斗时防御力随机提升5~10，持续3回合。#喝下后瞬间变强，但持续时间就像热恋期一样短暂。,戰鬥時防禦力隨機提升5~10，持續3回合。#喝下後瞬間變強，但持續時間就像熱戀期一樣短暫。,"Randomly grants DEF+5~10 for 3 turns#An instant boost, but it fades as quickly as a honeymoon phase.",战斗时防御力随机提升5~10，持续3回合。#喝下后瞬间变强，但持续时间就像热恋期一样短暂。,200,100,0,999,SwordMan|SwordMaster|SwordKing|BowMan|BowMaster|Priest|PriestMaster|PriestPrincess|Thief|Assassin|Magician|ElfMan|WingWarrior|WindWarrior|BeastWarrior|CrazyWarrior|MutantMonster|EvilMonster|MagicSwordMan|DarkSwordMan|BowKing|ImperialAssassin|ElfQueen|HolyWingAvatar|BeastSoulOverlord|MutantMonster|EvilMonster|DarkBladePrincess,UseInBattle,3014,"item_5,item_icon_222",5,0,0,599,12233,0,0,0,0,0,0,0,0,0,0,0,0,0,0,0,0,0,0,0,0,0,0,0,0,0,0,0,0,0,0,0,0,0,0,0,0,0,0,0,0,0
235,道具,Item,Item,Head,魔精之素,魔精之素,Arcane Essence,魔精の素,마정의 정수,战斗时魔击力随机提升5~10，持续3回合。#喝下后瞬间变强，但持续时间就像热恋期一样短暂。,戰鬥時魔擊力隨機提升5~10，持續3回合。#喝下後瞬間變強，但持續時間就像熱戀期一樣短暫。,"Randomly grants MATK+5~10 for 3 turns#An instant boost, but it fades as quickly as a honeymoon phase.",战斗时魔击力随机提升5~10，持续3回合。#喝下后瞬间变强，但持续时间就像热恋期一样短暂。,1,0,0,999,SwordMan|SwordMaster|SwordKing|BowMan|BowMaster|Priest|PriestMaster|PriestPrincess|Thief|Assassin|Magician|ElfMan|WingWarrior|WindWarrior|BeastWarrior|CrazyWarrior|MutantMonster|EvilMonster|MagicSwordMan|DarkSwordMan|BowKing|ImperialAssassin|ElfQueen|HolyWingAvatar|BeastSoulOverlord|MutantMonster|EvilMonster|DarkBladePrincess,UseInBattle,,,0,0,0,600,12234,0,0,0,0,0,0,0,0,0,0,0,0,0,0,0,0,0,0,0,0,0,0,0,0,0,0,0,0,0,0,0,0,0,0,0,0,0,0,0,0,0
236,道具,Item,Item,Head,疾影之素,疾影之素,Swift Essence,疾影の素,속도의 정수,战斗时敏捷随机提升5~10，持续3回合。#喝下后瞬间变强，但持续时间就像热恋期一样短暂。,戰鬥時敏捷隨機提升5~10，持續3回合。#喝下後瞬間變強，但持續時間就像熱戀期一樣短暫。,"Randomly grants SPEED+5~10 for 3 turns#An instant boost, but it fades as quickly as a honeymoon phase.",战斗时敏捷随机提升5~10，持续3回合。#喝下后瞬间变强，但持续时间就像热恋期一样短暂。,1,0,0,999,SwordMan|SwordMaster|SwordKing|BowMan|BowMaster|Priest|PriestMaster|PriestPrincess|Thief|Assassin|Magician|ElfMan|WingWarrior|WindWarrior|BeastWarrior|CrazyWarrior|MutantMonster|EvilMonster|MagicSwordMan|DarkSwordMan|BowKing|ImperialAssassin|ElfQueen|HolyWingAvatar|BeastSoulOverlord|MutantMonster|EvilMonster|DarkBladePrincess,UseInBattle,,,0,0,0,601,12235,0,0,0,0,0,0,0,0,0,0,0,0,0,0,0,0,0,0,0,0,0,0,0,0,0,0,0,0,0,0,0,0,0,0,0,0,0,0,0,0,0
237,道具,Item,ImportantProps,Head,通行证,通行證,Pass,通行証,통행증,官方盖章认证的通关宝物，小心别弄丢，补办要等三个工作天。,官方蓋章認證的通關寶物，小心別弄丟，補辦要等三個工作天。,An officially stamped pass required for entry. don't lose it—getting a replacement takes three business days.,官方盖章认证的通关宝物，小心别弄丢，补办要等三个工作天。,1,0,0,1,,NotSell|NotDrop|NotUse,,"item_5,item_icon_223",0,0,0,1412,12236,0,0,0,0,0,0,0,0,0,0,0,0,0,0,0,0,0,0,0,0,0,0,0,0,0,0,0,0,0,0,0,0,0,0,0,0,0,0,0,0,0
238,道具,Item,ImportantProps,Head,残忍的情书,殘忍的情書,Cruel Love Letter,残酷な恋文,잔인한 러브레터,一封痛彻心扉的拒绝信，能让人瞬间理解什么叫现实，副作用是三天内不想谈恋爱。,一封痛徹心扉的拒絕信，能讓人瞬間理解什麼叫現實，副作用是三天內不想談戀愛。,A heartbreaking rejection letter that instantly teaches you what reality feels like. Side effect: no interest in romance for three days.,一封痛彻心扉的拒绝信，能让人瞬间理解什么叫现实，副作用是三天内不想谈恋爱。,1,0,0,1,,NotSell|NotDrop|NotUse,,"item_5,item_icon_224",0,0,0,1413,12237,0,0,0,0,0,0,0,0,0,0,0,0,0,0,0,0,0,0,0,0,0,0,0,0,0,0,0,0,0,0,0,0,0,0,0,0,0,0,0,0,0
239,道具,Item,ImportantProps,Head,剑之魂,劍之魂,Soul of the Sword,剣の魂,검의 혼,最珍贵的东西往往是看不见的,最珍貴的東西往往是看不見的,The most precious things are often unseen.,最珍贵的东西往往是看不见的,1,0,0,1,,NotSell|NotDrop|NotUse,,"item_5,item_icon_225",0,0,0,1416,12238,0,0,0,0,0,0,0,0,0,0,0,0,0,0,0,0,0,0,0,0,0,0,0,0,0,0,0,0,0,0,0,0,0,0,0,0,0,0,0,0,0
240,道具,Item,ImportantProps,Head,福音之书,福音之書,Gospel,福音の書,복음의 서,据说读完能获得智慧，但没人能撑过第三页,據說讀完能獲得智慧，但沒人能撐過第三頁,"It is said that reading it grants wisdom, but no one has made it past the third page.",据说读完能获得智慧，但没人能撑过第三页,1,0,0,1,,NotSell|NotDrop|NotUse,,"item_5,item_icon_226",0,0,0,1418,12239,0,0,0,0,0,0,0,0,0,0,0,0,0,0,0,0,0,0,0,0,0,0,0,0,0,0,0,0,0,0,0,0,0,0,0,0,0,0,0,0,0
241,道具,Item,ImportantProps,Head,圣水晶,聖水晶,Holy Crystal,聖なる水晶,성스러운 수정,进入命运神殿中枢的钥匙，希望里面不是又一道门#(此道具要放在仓库才能生效),進入命運神殿中樞的鑰匙，希望裡面不是又一道門#(此道具要放在倉庫才能生效),The key to the core of the Temple of Fate—hopefully there isn't just another door inside.#This Item must be placed in the Storage to take effect.,进入命运神殿中枢的钥匙，希望里面不是又一道门#(此道具要放在仓库才能生效),1,0,0,1,,NotSell|NotDrop|NotUse,,"item_5,item_icon_227",0,0,0,1420,12240,0,0,0,0,0,0,0,0,0,0,0,0,0,0,0,0,0,0,0,0,0,0,0,0,0,0,0,0,0,0,0,0,0,0,0,0,0,0,0,0,0
245,道具,Item,ImportantProps,Head,求婚戒指,求婚戒指,Engagement ring,プロポーズの指輪,프로포즈 반지,爱情没有保固，戒指也不保证会戴上对方的手。,愛情沒有保固，戒指也不保證會戴上對方的手。,"Love has no warranty, and no ring is promised the hand it was meant for.",爱情没有保固，戒指也不保证会戴上对方的手。,0,0,0,999,,NotSell|NotDrop|NotUse,,"item_4,item_icon_149",0,0,0,2623,12506,0,0,0,0,0,0,0,0,0,0,0,0,0,0,0,0,0,0,0,0,0,0,0,0,0,0,0,0,0,0,0,0,0,0,0,0,0,0,0,0,0
248,道具,Item,ImportantProps,Head,染血的披风,染血的披風,Bloodstained Cloak,血に染まったマント,피로 물든 망토,<转职道具>染血的披风,<轉職道具>染血的披風,<Promotion Item>Bloodstained Cloak,<转职道具>染血的披风,0,0,0,1,,NotSell|NotDrop|NotUse,,"item_5,item_icon_239",0,0,0,12459,12449,0,0,0,0,0,0,0,0,0,0,0,0,0,0,0,0,0,0,0,0,0,0,0,0,0,0,0,0,0,0,0,0,0,0,0,0,0,0,0,0,0
249,道具,Item,ImportantProps,Head,法兰克的日志,法蘭克的日誌,Frank's Journal,フランクの日誌,프란커의 일지,<转职道具>法兰克的日志,<轉職道具>法蘭克的日誌,<Promotion Item>Frank's Journal,<转职道具>法兰克的日志,0,0,0,1,,NotSell|NotDrop|NotUse,,"item_5,item_icon_235",0,0,0,12460,12450,0,0,0,0,0,0,0,0,0,0,0,0,0,0,0,0,0,0,0,0,0,0,0,0,0,0,0,0,0,0,0,0,0,0,0,0,0,0,0,0,0
250,道具,Item,ImportantProps,Head,巴格拉姆文档1,巴格拉姆文件1,Bagram Secret Documents I,バグラムの秘密文書1,파크라모의 비밀 문서 1,<重要道具>巴格拉姆的秘密文档1,<重要道具>巴格拉姆的秘密文件1,<Key Item>Bagram Secret Documents I,<重要道具>巴格拉姆的秘密文档1,0,0,0,1,,NotSell|NotDrop|NotUse,,"item_5,item_icon_234",0,0,0,12461,12451,0,0,0,0,0,0,0,0,0,0,0,0,0,0,0,0,0,0,0,0,0,0,0,0,0,0,0,0,0,0,0,0,0,0,0,0,0,0,0,0,0
251,道具,Item,ImportantProps,Head,妖精王的研究笔记,妖精王的研究筆記,King of the Elves' Research Notes,エルフ王の研究ノート,요정왕의 연구 노트,<重要道具>妖精王的研究笔记,<重要道具>妖精王的研究筆記,<Key Item>King of the Elves' Research Notes,<重要道具>妖精王的研究笔记,0,0,0,1,,NotSell|NotDrop|NotUse,,"item_5,item_icon_236",0,0,0,12462,12452,0,0,0,0,0,0,0,0,0,0,0,0,0,0,0,0,0,0,0,0,0,0,0,0,0,0,0,0,0,0,0,0,0,0,0,0,0,0,0,0,0
252,道具,Item,ImportantProps,Head,擎的戒指,擎的戒指,Qing's Ring,キンの指輪,경의 반지,<转职道具>擎的戒指,<轉職道具>擎的戒指,<Promotion Item>Qing's Ring,<转职道具>擎的戒指,0,0,0,1,,NotSell|NotDrop|NotUse,,"item_5,item_icon_238",0,0,0,12463,12453,0,0,0,0,0,0,0,0,0,0,0,0,0,0,0,0,0,0,0,0,0,0,0,0,0,0,0,0,0,0,0,0,0,0,0,0,0,0,0,0,0
253,道具,Item,ImportantProps,Head,仿制的破坏神内核,仿製的破壞神核心,Replica Core of the God of Ruin,複製された破壊神のコア,파괴신 코어의 모조품,<转职道具>仿制的破坏神内核,<轉職道具>仿製的破壞神核心,<Promotion Item>Replica Core of the God of Ruin,<转职道具>仿制的破坏神内核,0,0,0,1,,NotSell|NotDrop|NotUse,,"item_5,item_icon_241",0,0,0,12464,12454,0,0,0,0,0,0,0,0,0,0,0,0,0,0,0,0,0,0,0,0,0,0,0,0,0,0,0,0,0,0,0,0,0,0,0,0,0,0,0,0,0
254,道具,Item,ImportantProps,Head,漆黑的羽毛,漆黑的羽毛,Pitch Black Feather,漆黒の羽根,칠흑의 깃털,<转职道具>漆黑的羽毛,<轉職道具>漆黑的羽毛,<Promotion Item>Pitch Black Feather,<转职道具>漆黑的羽毛,0,0,0,1,,NotSell|NotDrop|NotUse,,"item_5,item_icon_240",0,0,0,12465,12455,0,0,0,0,0,0,0,0,0,0,0,0,0,0,0,0,0,0,0,0,0,0,0,0,0,0,0,0,0,0,0,0,0,0,0,0,0,0,0,0,0
256,道具,Item,ImportantProps,Head,妖精王的手札,妖精王的手札,King of the Elves' Notes,エルフ王の手記,요정왕의 수첩,<转职道具>妖精王的手札,<轉職道具>妖精王的手札,<Promotion Item>King of the Elves' Notes,<转职道具>妖精王的手札,0,0,0,1,,NotSell|NotDrop|NotUse,,"item_5,item_icon_236",0,0,0,12467,12457,0,0,0,0,0,0,0,0,0,0,0,0,0,0,0,0,0,0,0,0,0,0,0,0,0,0,0,0,0,0,0,0,0,0,0,0,0,0,0,0,0
257,道具,Item,ImportantProps,Head,巴格拉姆文档2,巴格拉姆文件2,Bagram Secret Documents II,バグラムの秘密文書2,파크라모의 비밀 문서 2,<重要道具>巴格拉姆的秘密文档2,<重要道具>巴格拉姆的秘密文件2,<Key Item>Bagram Secret Documents II,<重要道具>巴格拉姆的秘密文档2,0,0,0,1,,NotSell|NotDrop|NotUse,,"item_5,item_icon_234",0,0,0,12468,12458,0,0,0,0,0,0,0,0,0,0,0,0,0,0,0,0,0,0,0,0,0,0,0,0,0,0,0,0,0,0,0,0,0,0,0,0,0,0,0,0,0
268,道具,Item,ImportantProps,Head,神秘小礼物,神秘小禮物,Mysterious Token,神秘的な贈り物,신비로운 깜짝 선물,神秘商人赠送的小礼物，听说是99999号客人才能获得的激稀有奖品。,神秘商人贈送的小禮物，聽說是99999號客人才能獲得的激稀有獎品。,"A small token bestowed by the mysterious merchant. Rumor has it that this exceedingly rare prize is reserved exclusively for their 99,999th patron.",神秘商人赠送的小礼物，听说是99999号客人才能获得的激稀有奖品。,0,0,0,1,,NotSell|NotDrop|NotUse,,"item_5,item_icon_268",0,0,0,12502,12503,0,0,0,0,0,0,0,0,0,0,0,0,0,0,0,0,0,0,0,0,0,0,0,0,0,0,0,0,0,0,0,0,0,0,0,0,0,0,0,0,0
269,道具,Item,Item,Head,奥汀徽章,奧汀徽章,The Odin Insignia,オーディンの紋章,오딘의 휘장,一枚神秘徽章，其由来的古老与隐秘，甚至连那位流浪商人也一无所知。唯一的线索，便是其表面镌刻的一行古代符文，隐约显现着……“致未来的你”。,這是一個神秘的徽章，神秘到神秘商人都不知道他的來歷，只知道他上面的古文寫著…給未來的你。,"A enigmatic insignia shrouded in such deep mystery that even the wandering merchant knows nothing of its origins. The only clue lies within the ancient runes carved upon its surface, which faintly read: ""For your future self.""",一枚神秘徽章，其由来的古老与隐秘，甚至连那位流浪商人也一无所知。唯一的线索，便是其表面镌刻的一行古代符文，隐约显现着……“致未来的你”。,0,0,0,999,,NotSell|NotDrop|NotUse,,"item_5,item_icon_269",0,0,0,12504,12505,0,0,0,0,0,0,0,0,0,0,0,0,0,0,0,0,0,0,0,0,0,0,0,0,0,0,0,0,0,0,0,0,0,0,0,0,0,0,0,0,0
280,道具,Item,Item,Head,力之魂,力之魂,The Soul of Power,力の魂,힘의 혼,攻击力随机增加+3~15#人生就是这样，除非你S/L。,攻擊力隨機增加+3~15#人生就是這樣，除非你S/L。,ATK randomly +3~15#That's life—unless you S/L.,攻击力随机增加+3~15#人生就是这样，除非你S/L。,6000,3000,12,0,,BuffItem,140,"item_5,item_icon_212",0,0,0,19688,19699,0,0,0,0,0,0,0,0,0,0,0,0,0,0,0,0,0,0,0,0,0,0,0,0,0,0,0,0,0,0,0,0,0,0,0,0,0,0,0,0,0
281,道具,Item,Item,Head,御之魂,禦之魂,The Bastion Soul,御の魂,방어의 혼,防御力随机增加+3~15#人生就是这样，除非你S/L。,防禦力隨機增加+3~15#人生就是這樣，除非你S/L。,DEF randomly +3~15#That's life—unless you S/L.,防御力随机增加+3~15#人生就是这样，除非你S/L。,6000,3000,15,0,,BuffItem,141,"item_5,item_icon_213",0,0,0,19689,19700,0,0,0,0,0,0,0,0,0,0,0,0,0,0,0,0,0,0,0,0,0,0,0,0,0,0,0,0,0,0,0,0,0,0,0,0,0,0,0,0,0
282,道具,Item,Item,Head,魔之魂,魔之魂,Soul of Sorcery,魔の魂,마력의 혼,魔击力随机增加+3~15#人生就是这样，除非你S/L。,魔擊力隨機增加+3~15#人生就是這樣，除非你S/L。,MATK randomly +3~15#That's life—unless you S/L.,魔击力随机增加+3~15#人生就是这样，除非你S/L。,6000,3000,18,0,,BuffItem,142,"item_5,item_icon_214",0,0,0,19690,19701,0,0,0,0,0,0,0,0,0,0,0,0,0,0,0,0,0,0,0,0,0,0,0,0,0,0,0,0,0,0,0,0,0,0,0,0,0,0,0,0,0
283,道具,Item,Item,Head,速之魂,速之魂,The Swiftness Soul,速の魂,신속의 혼,敏捷随机增加+3~15#人生就是这样，除非你S/L。,敏捷隨機增加+3~15#人生就是這樣，除非你S/L。,SPD randomly +3~15#That's life—unless you S/L.,敏捷随机增加+3~15#人生就是这样，除非你S/L。,6000,3000,20,0,,BuffItem,143,"item_5,item_icon_215",0,0,0,19691,19702,0,0,0,0,0,0,0,0,0,0,0,0,0,0,0,0,0,0,0,0,0,0,0,0,0,0,0,0,0,0,0,0,0,0,0,0,0,0,0,0,0
284,道具,Item,Item,Head,土之魂,土之魂,The Terra Soul,土の魂,대지의 혼,土抗性加+3#古老的元素护佑着你，虽然没啥感觉。,土抗性加+3#古老的元素護佑著你，雖然沒啥感覺。,"Earth RES+3#Ancient elements protect you, though you can't really feel it.",土抗性加+3#古老的元素护佑着你，虽然没啥感觉。,6000,3000,2,0,,BuffItem,144,"item_5,item_icon_216",0,0,0,19692,19703,0,0,0,0,0,0,0,0,0,0,0,0,0,0,0,0,0,0,0,0,0,0,0,0,0,0,0,0,0,0,0,0,0,0,0,0,0,0,0,0,0
285,道具,Item,Item,Head,火之魂,火之魂,The Inferno Soul,火の魂,불의 혼,火抗性加+3#古老的元素护佑着你，虽然没啥感觉。,火抗性加+3#古老的元素護佑著你，雖然沒啥感覺。,"Fire RES+3#Ancient elements protect you, though you can't really feel it.",火抗性加+3#古老的元素护佑着你，虽然没啥感觉。,6000,3000,3,0,,BuffItem,145,"item_5,item_icon_217",0,0,0,19693,19704,0,0,0,0,0,0,0,0,0,0,0,0,0,0,0,0,0,0,0,0,0,0,0,0,0,0,0,0,0,0,0,0,0,0,0,0,0,0,0,0,0
286,道具,Item,Item,Head,水之魂,水之魂,The Abyssal Tide Soul,水の魂,물의 혼,水抗性加+3#古老的元素护佑着你，虽然没啥感觉。,水抗性加+3#古老的元素護佑著你，雖然沒啥感覺。,"Water RES+3#Ancient elements protect you, though you can't really feel it.",水抗性加+3#古老的元素护佑着你，虽然没啥感觉。,6000,3000,5,0,,BuffItem,146,"item_5,item_icon_218",0,0,0,19694,19705,0,0,0,0,0,0,0,0,0,0,0,0,0,0,0,0,0,0,0,0,0,0,0,0,0,0,0,0,0,0,0,0,0,0,0,0,0,0,0,0,0
287,道具,Item,Item,Head,风之魂,風之魂,The Tempest Soul,風の魂,바람의 혼,风抗性加+3#古老的元素护佑着你，虽然没啥感觉。,風抗性加+3#古老的元素護佑著你，雖然沒啥感覺。,"Wind RES+3#Ancient elements protect you, though you can't really feel it.",风抗性加+3#古老的元素护佑着你，虽然没啥感觉。,6000,3000,7,0,,BuffItem,147,"item_5,item_icon_219",0,0,0,19695,19706,0,0,0,0,0,0,0,0,0,0,0,0,0,0,0,0,0,0,0,0,0,0,0,0,0,0,0,0,0,0,0,0,0,0,0,0,0,0,0,0,0
288,道具,Item,Item,Head,灵之魂,靈之魂,The Spirit Soul,霊の魂,영혼의 혼,心灵抗性加+3#古老的元素护佑着你，虽然没啥感觉。,心靈抗性加+3#古老的元素護佑著你，雖然沒啥感覺。,"Mind RES+3#Ancient elements protect you, though you can't really feel it.",心灵抗性加+3#古老的元素护佑着你，虽然没啥感觉。,6000,3000,10,0,,BuffItem,148,"item_5,item_icon_220",0,0,0,19696,19707,0,0,0,0,0,0,0,0,0,0,0,0,0,0,0,0,0,0,0,0,0,0,0,0,0,0,0,0,0,0,0,0,0,0,0,0,0,0,0,0,0
289,道具,Item,Item,Head,圣之魂,聖之魂,The Divine Soul,聖の魂,성령의 혼,全抗性加+2#就像古老的汤药，喝了感觉会比较好。,全抗性加+2#就像古老的湯藥，喝了感覺會比較好。,All RES+2#Like an ancient elixir—drinking it just feels better.,全抗性加+2#就像古老的汤药，喝了感觉会比较好。,6000,3000,0,0,,BuffItem,149,"item_5,item_icon_212",0,0,0,19697,19708,0,0,0,0,0,0,0,0,0,0,0,0,0,0,0,0,0,0,0,0,0,0,0,0,0,0,0,0,0,0,0,0,0,0,0,0,0,0,0,0,0
290,道具,Item,Item,Head,霸之魂,霸之魂,The Sovereign Soul,覇の魂,패왕의 혼,攻、防、魔、敏都随机+2~10#吃了它，下一个霸王可能就是你,攻、防、魔、敏都隨機+2~10#吃了它，下一個霸王可能就是你,"ATK/DEF/MATK/SPD randomly +2~10#Eat this, and the next overlord might be you.",攻、防、魔、敏都随机+2~10#吃了它，下一个霸王可能就是你,6000,3000,0,0,,BuffItem,150,"item_5,item_icon_220",0,0,0,19698,19709,0,0,0,0,0,0,0,0,0,0,0,0,0,0,0,0,0,0,0,0,0,0,0,0,0,0,0,0,0,0,0,0,0,0,0,0,0,0,0,0,0
